<?xml version="1.0" encoding="UTF-8"?>
<sbml xmlns="http://www.sbml.org/sbml/level2/version4" level="2" version="4">
  <model name="Dimethyl-branched-chain fatty acid mitochondrial beta-oxidation">
    <annotation>a pathway from MetaFishNet project</annotation>
    <listOfSpeciesTypes>
      <speciesType id="enzyme"/>
      <speciesType id="compound"/>
    </listOfSpeciesTypes>
    <listOfSpecies>
      <species id="sid_4_2_1_17" name="4.2.1.17" speciesType="enzyme"/>
      <species id="sid_5_1_99_4" name="5.1.99.4" speciesType="enzyme"/>
      <species id="sid_1_1_1_35" name="1.1.1.35" speciesType="enzyme"/>
      <species id="sid_1_3_99_3" name="1.3.99.3" speciesType="enzyme"/>
      <species id="sid_CE4805" name="CE4805" speciesType="compound"/>
      <species id="sid_CE4808" name="CE4808" speciesType="compound"/>
      <species id="sid_C00016" name="C00016" speciesType="compound"/>
      <species id="sid_C00080" name="C00080" speciesType="compound"/>
      <species id="sid_CE4806" name="CE4806" speciesType="compound"/>
      <species id="sid_CE4802" name="CE4802" speciesType="compound"/>
      <species id="sid_CE4804" name="CE4804" speciesType="compound"/>
      <species id="sid_C00004" name="C00004" speciesType="compound"/>
      <species id="sid_C00003" name="C00003" speciesType="compound"/>
      <species id="sid_CE4803" name="CE4803" speciesType="compound"/>
      <species id="sid_CE4800" name="CE4800" speciesType="compound"/>
      <species id="sid_CE4801" name="CE4801" speciesType="compound"/>
      <species id="sid_C01352" name="C01352" speciesType="compound"/>
      <species id="sid_CE4796" name="CE4796" speciesType="compound"/>
      <species id="sid_C00001" name="C00001" speciesType="compound"/>
      <species id="sid_CE4807" name="CE4807" speciesType="compound"/>
      <species id="sid_CE4798" name="CE4798" speciesType="compound"/>
      <species id="sid_CE4799" name="CE4799" speciesType="compound"/>
      <species id="sid_CE4797" name="CE4797" speciesType="compound"/>
    </listOfSpecies>
    <listOfReactions>
      <reaction id="RE3178">
        <listOfReactants>
          <speciesReference id="sid_C00003"/>
          <speciesReference id="sid_CE4800"/>
        </listOfReactants>
        <listOfProducts>
          <speciesReference id="sid_C00004"/>
          <speciesReference id="sid_C00080"/>
          <speciesReference id="sid_CE4796"/>
        </listOfProducts>
        <listOfModifiers>
          <modifierSpeciesReference id="sid_1_1_1_35"/>
        </listOfModifiers>
      </reaction>
      <reaction id="RE3177">
        <listOfReactants>
          <speciesReference id="sid_C00003"/>
          <speciesReference id="sid_CE4801"/>
        </listOfReactants>
        <listOfProducts>
          <speciesReference id="sid_C00004"/>
          <speciesReference id="sid_C00080"/>
          <speciesReference id="sid_CE4803"/>
        </listOfProducts>
        <listOfModifiers>
          <modifierSpeciesReference id="sid_1_1_1_35"/>
        </listOfModifiers>
      </reaction>
      <reaction id="RE3179">
        <listOfReactants>
          <speciesReference id="sid_C00003"/>
          <speciesReference id="sid_CE4802"/>
        </listOfReactants>
        <listOfProducts>
          <speciesReference id="sid_C00004"/>
          <speciesReference id="sid_C00080"/>
          <speciesReference id="sid_CE4804"/>
        </listOfProducts>
        <listOfModifiers>
          <modifierSpeciesReference id="sid_1_1_1_35"/>
        </listOfModifiers>
      </reaction>
      <reaction id="RE3185">
        <listOfReactants>
          <speciesReference id="sid_C00016"/>
          <speciesReference id="sid_CE4798"/>
        </listOfReactants>
        <listOfProducts>
          <speciesReference id="sid_C01352"/>
          <speciesReference id="sid_CE4799"/>
        </listOfProducts>
        <listOfModifiers>
          <modifierSpeciesReference id="sid_1_3_99_3"/>
        </listOfModifiers>
      </reaction>
      <reaction id="RE3184">
        <listOfReactants>
          <speciesReference id="sid_C00016"/>
          <speciesReference id="sid_CE4805"/>
        </listOfReactants>
        <listOfProducts>
          <speciesReference id="sid_C01352"/>
          <speciesReference id="sid_CE4806"/>
        </listOfProducts>
        <listOfModifiers>
          <modifierSpeciesReference id="sid_1_3_99_3"/>
        </listOfModifiers>
      </reaction>
      <reaction id="RE3186">
        <listOfReactants>
          <speciesReference id="sid_C00016"/>
          <speciesReference id="sid_CE4808"/>
        </listOfReactants>
        <listOfProducts>
          <speciesReference id="sid_C01352"/>
          <speciesReference id="sid_CE4807"/>
        </listOfProducts>
        <listOfModifiers>
          <modifierSpeciesReference id="sid_1_3_99_3"/>
        </listOfModifiers>
      </reaction>
      <reaction id="RE3193">
        <listOfReactants>
          <speciesReference id="sid_C00001"/>
          <speciesReference id="sid_CE4799"/>
        </listOfReactants>
        <listOfProducts>
          <speciesReference id="sid_CE4800"/>
        </listOfProducts>
        <listOfModifiers>
          <modifierSpeciesReference id="sid_4_2_1_17"/>
        </listOfModifiers>
      </reaction>
      <reaction id="RE3192">
        <listOfReactants>
          <speciesReference id="sid_C00001"/>
          <speciesReference id="sid_CE4806"/>
        </listOfReactants>
        <listOfProducts>
          <speciesReference id="sid_CE4801"/>
        </listOfProducts>
        <listOfModifiers>
          <modifierSpeciesReference id="sid_4_2_1_17"/>
        </listOfModifiers>
      </reaction>
      <reaction id="RE3194">
        <listOfReactants>
          <speciesReference id="sid_C00001"/>
          <speciesReference id="sid_CE4807"/>
        </listOfReactants>
        <listOfProducts>
          <speciesReference id="sid_CE4802"/>
        </listOfProducts>
        <listOfModifiers>
          <modifierSpeciesReference id="sid_4_2_1_17"/>
        </listOfModifiers>
      </reaction>
      <reaction id="RE3195">
        <listOfReactants>
          <speciesReference id="sid_CE4798"/>
        </listOfReactants>
        <listOfProducts>
          <speciesReference id="sid_CE4797"/>
        </listOfProducts>
        <listOfModifiers>
          <modifierSpeciesReference id="sid_5_1_99_4"/>
        </listOfModifiers>
      </reaction>
    </listOfReactions>
  </model>
</sbml>
