<?xml version="1.0" encoding="UTF-8"?>
<sbml xmlns="http://www.sbml.org/sbml/level2/version4" level="2" version="4">
  <model name="Pyruvate Metabolism">
    <annotation>a pathway from MetaFishNet project</annotation>
    <listOfSpeciesTypes>
      <speciesType id="enzyme"/>
      <speciesType id="compound"/>
    </listOfSpeciesTypes>
    <listOfSpecies>
      <species id="sid_1_1_1_38" name="1.1.1.38" speciesType="enzyme"/>
      <species id="sid_1_1_1_28" name="1.1.1.28" speciesType="enzyme"/>
      <species id="sid_1_1_1_79" name="1.1.1.79" speciesType="enzyme"/>
      <species id="sid_4_4_1_5" name="4.4.1.5" speciesType="enzyme"/>
      <species id="sid_3_1_2_1" name="3.1.2.1" speciesType="enzyme"/>
      <species id="sid_6_4_1_1" name="6.4.1.1" speciesType="enzyme"/>
      <species id="sid_C00024" name="C00024" speciesType="compound"/>
      <species id="sid_C00149" name="C00149" speciesType="compound"/>
      <species id="sid_C00009" name="C00009" speciesType="compound"/>
      <species id="sid_C00022" name="C00022" speciesType="compound"/>
      <species id="sid_C00007" name="C00007" speciesType="compound"/>
      <species id="sid_C00006" name="C00006" speciesType="compound"/>
      <species id="sid_C00005" name="C00005" speciesType="compound"/>
      <species id="sid_C00004" name="C00004" speciesType="compound"/>
      <species id="sid_C00003" name="C00003" speciesType="compound"/>
      <species id="sid_C00002" name="C00002" speciesType="compound"/>
      <species id="sid_C00001" name="C00001" speciesType="compound"/>
      <species id="sid_C05235" name="C05235" speciesType="compound"/>
      <species id="sid_C00036" name="C00036" speciesType="compound"/>
      <species id="sid_C00256" name="C00256" speciesType="compound"/>
      <species id="sid_C02912" name="C02912" speciesType="compound"/>
      <species id="sid_C00008" name="C00008" speciesType="compound"/>
      <species id="sid_C00051" name="C00051" speciesType="compound"/>
      <species id="sid_C00010" name="C00010" speciesType="compound"/>
      <species id="sid_C00011" name="C00011" speciesType="compound"/>
      <species id="sid_C02917" name="C02917" speciesType="compound"/>
      <species id="sid_C00033" name="C00033" speciesType="compound"/>
      <species id="sid_C00288" name="C00288" speciesType="compound"/>
      <species id="sid_C00937" name="C00937" speciesType="compound"/>
      <species id="sid_C00424" name="C00424" speciesType="compound"/>
      <species id="sid_C00080" name="C00080" speciesType="compound"/>
      <species id="sid_C03451" name="C03451" speciesType="compound"/>
      <species id="sid_C00546" name="C00546" speciesType="compound"/>
      <species id="sid_C00207" name="C00207" speciesType="compound"/>
    </listOfSpecies>
    <listOfReactions>
      <reaction id="LDH_D">
        <listOfReactants>
          <speciesReference id="sid_C00256"/>
          <speciesReference id="sid_C00003"/>
        </listOfReactants>
        <listOfProducts>
          <speciesReference id="sid_C00080"/>
          <speciesReference id="sid_C00004"/>
          <speciesReference id="sid_C00022"/>
        </listOfProducts>
        <listOfModifiers>
          <modifierSpeciesReference id="sid_1_1_1_28"/>
        </listOfModifiers>
      </reaction>
      <reaction id="ME1m">
        <listOfReactants>
          <speciesReference id="sid_C00149"/>
          <speciesReference id="sid_C00003"/>
        </listOfReactants>
        <listOfProducts>
          <speciesReference id="sid_C00011"/>
          <speciesReference id="sid_C00004"/>
          <speciesReference id="sid_C00022"/>
        </listOfProducts>
        <listOfModifiers>
          <modifierSpeciesReference id="sid_1_1_1_38"/>
        </listOfModifiers>
      </reaction>
      <reaction id="LALDD">
        <listOfReactants>
          <speciesReference id="sid_C00937"/>
          <speciesReference id="sid_C00006"/>
        </listOfReactants>
        <listOfProducts>
          <speciesReference id="sid_C00080"/>
          <speciesReference id="sid_C00546"/>
          <speciesReference id="sid_C00005"/>
        </listOfProducts>
        <listOfModifiers>
          <modifierSpeciesReference id="sid_1_1_1_79"/>
        </listOfModifiers>
      </reaction>
      <reaction id="ACOAHi">
        <listOfReactants>
          <speciesReference id="sid_C00024"/>
          <speciesReference id="sid_C00001"/>
        </listOfReactants>
        <listOfProducts>
          <speciesReference id="sid_C00033"/>
          <speciesReference id="sid_C00010"/>
          <speciesReference id="sid_C00080"/>
        </listOfProducts>
        <listOfModifiers>
          <modifierSpeciesReference id="sid_3_1_2_1"/>
        </listOfModifiers>
      </reaction>
      <reaction id="LGTHL">
        <listOfReactants>
          <speciesReference id="sid_C00051"/>
          <speciesReference id="sid_C00546"/>
        </listOfReactants>
        <listOfProducts>
          <speciesReference id="sid_C03451"/>
        </listOfProducts>
        <listOfModifiers>
          <modifierSpeciesReference id="sid_4_4_1_5"/>
        </listOfModifiers>
      </reaction>
      <reaction id="PCm">
        <listOfReactants>
          <speciesReference id="sid_C00002"/>
          <speciesReference id="sid_C00288"/>
          <speciesReference id="sid_C00022"/>
        </listOfReactants>
        <listOfProducts>
          <speciesReference id="sid_C00008"/>
          <speciesReference id="sid_C00080"/>
          <speciesReference id="sid_C00036"/>
          <speciesReference id="sid_C00009"/>
        </listOfProducts>
        <listOfModifiers>
          <modifierSpeciesReference id="sid_6_4_1_1"/>
        </listOfModifiers>
      </reaction>
      <reaction id="LALDO">
        <listOfReactants>
          <speciesReference id="sid_C00051"/>
          <speciesReference id="sid_C00937"/>
          <speciesReference id="sid_C00003"/>
        </listOfReactants>
        <listOfProducts>
          <speciesReference id="sid_C00080"/>
          <speciesReference id="sid_C03451"/>
          <speciesReference id="sid_C00004"/>
        </listOfProducts>
        <listOfModifiers>
          <modifierSpeciesReference/>
        </listOfModifiers>
      </reaction>
      <reaction id="ALR2">
        <listOfReactants>
          <speciesReference id="sid_C00080"/>
          <speciesReference id="sid_C00546"/>
          <speciesReference id="sid_C00005"/>
        </listOfReactants>
        <listOfProducts>
          <speciesReference id="sid_C05235"/>
          <speciesReference id="sid_C00006"/>
        </listOfProducts>
        <listOfModifiers>
          <modifierSpeciesReference/>
        </listOfModifiers>
      </reaction>
      <reaction id="ACTNMO">
        <listOfReactants>
          <speciesReference id="sid_C00207"/>
          <speciesReference id="sid_C00080"/>
          <speciesReference id="sid_C00005"/>
          <speciesReference id="sid_C00007"/>
        </listOfReactants>
        <listOfProducts>
          <speciesReference id="sid_C05235"/>
          <speciesReference id="sid_C00001"/>
          <speciesReference id="sid_C00006"/>
        </listOfProducts>
        <listOfModifiers>
          <modifierSpeciesReference/>
        </listOfModifiers>
      </reaction>
      <reaction id="ALCD21_D">
        <listOfReactants>
          <speciesReference id="sid_C02912"/>
          <speciesReference id="sid_C00003"/>
        </listOfReactants>
        <listOfProducts>
          <speciesReference id="sid_C00080"/>
          <speciesReference id="sid_C00937"/>
          <speciesReference id="sid_C00004"/>
        </listOfProducts>
        <listOfModifiers>
          <modifierSpeciesReference/>
        </listOfModifiers>
      </reaction>
      <reaction id="ALCD21_L">
        <listOfReactants>
          <speciesReference id="sid_C02917"/>
          <speciesReference id="sid_C00003"/>
        </listOfReactants>
        <listOfProducts>
          <speciesReference id="sid_C00080"/>
          <speciesReference id="sid_C00424"/>
          <speciesReference id="sid_C00004"/>
        </listOfProducts>
        <listOfModifiers>
          <modifierSpeciesReference/>
        </listOfModifiers>
      </reaction>
      <reaction id="ALR3">
        <listOfReactants>
          <speciesReference id="sid_C05235"/>
          <speciesReference id="sid_C00080"/>
          <speciesReference id="sid_C00005"/>
        </listOfReactants>
        <listOfProducts>
          <speciesReference id="sid_C02917"/>
          <speciesReference id="sid_C00006"/>
        </listOfProducts>
        <listOfModifiers>
          <modifierSpeciesReference/>
        </listOfModifiers>
      </reaction>
      <reaction id="ACTLMO">
        <listOfReactants>
          <speciesReference id="sid_C05235"/>
          <speciesReference id="sid_C00080"/>
          <speciesReference id="sid_C00005"/>
          <speciesReference id="sid_C00007"/>
        </listOfReactants>
        <listOfProducts>
          <speciesReference id="sid_C00001"/>
          <speciesReference id="sid_C00546"/>
          <speciesReference id="sid_C00006"/>
        </listOfProducts>
        <listOfModifiers>
          <modifierSpeciesReference/>
        </listOfModifiers>
      </reaction>
    </listOfReactions>
  </model>
</sbml>
