<?xml version="1.0" encoding="UTF-8"?>
<sbml xmlns="http://www.sbml.org/sbml/level2/version4" level="2" version="4">
  <model name="Blood Group Biosynthesis">
    <annotation>a pathway from MetaFishNet project</annotation>
    <listOfSpeciesTypes>
      <speciesType id="enzyme"/>
      <speciesType id="compound"/>
    </listOfSpeciesTypes>
    <listOfSpecies>
      <species id="sid_2_4_99_6" name="2.4.99.6" speciesType="enzyme"/>
      <species id="sid_2_4_99_8" name="2.4.99.8" speciesType="enzyme"/>
      <species id="sid_2_4_1_150" name="2.4.1.150" speciesType="enzyme"/>
      <species id="sid_galacglcgalgluside_hs" name="galacglcgalgluside_hs" speciesType="compound"/>
      <species id="sid_acnacngal14acglcgalgluside_hs" name="acnacngal14acglcgalgluside_hs" speciesType="compound"/>
      <species id="sid_C00015" name="C00015" speciesType="compound"/>
      <species id="sid_C00080" name="C00080" speciesType="compound"/>
      <species id="sid_C00128" name="C00128" speciesType="compound"/>
      <species id="sid_C00055" name="C00055" speciesType="compound"/>
      <species id="sid_C00043" name="C00043" speciesType="compound"/>
      <species id="sid_galacglcgal14acglcgalgluside_hs" name="galacglcgal14acglcgalgluside_hs" speciesType="compound"/>
      <species id="sid_acglcgalacglcgal14acglcgalgluside_hs" name="acglcgalacglcgal14acglcgalgluside_hs" speciesType="compound"/>
      <species id="sid_acngal14acglcgalgluside_hs" name="acngal14acglcgalgluside_hs" speciesType="compound"/>
      <species id="sid_C00052" name="C00052" speciesType="compound"/>
      <species id="sid_acngalacglcgalgluside_hs" name="acngalacglcgalgluside_hs" speciesType="compound"/>
      <species id="sid_C00203" name="C00203" speciesType="compound"/>
    </listOfSpecies>
    <listOfReactions>
      <reaction id="GCNTg">
        <listOfReactants>
          <speciesReference id="sid_galacglcgal14acglcgalgluside_hs"/>
          <speciesReference id="sid_C00043"/>
        </listOfReactants>
        <listOfProducts>
          <speciesReference id="sid_acglcgalacglcgal14acglcgalgluside_hs"/>
          <speciesReference id="sid_C00080"/>
          <speciesReference id="sid_C00015"/>
        </listOfProducts>
        <listOfModifiers>
          <modifierSpeciesReference id="sid_2_4_1_150"/>
        </listOfModifiers>
      </reaction>
      <reaction id="ST3GAL31g">
        <listOfReactants>
          <speciesReference id="sid_C00128"/>
          <speciesReference id="sid_galacglcgalgluside_hs"/>
        </listOfReactants>
        <listOfProducts>
          <speciesReference id="sid_acngalacglcgalgluside_hs"/>
          <speciesReference id="sid_C00055"/>
          <speciesReference id="sid_C00080"/>
        </listOfProducts>
        <listOfModifiers>
          <modifierSpeciesReference id="sid_2_4_99_6"/>
        </listOfModifiers>
      </reaction>
      <reaction id="ST8SIA56g">
        <listOfReactants>
          <speciesReference id="sid_acngal14acglcgalgluside_hs"/>
          <speciesReference id="sid_C00128"/>
        </listOfReactants>
        <listOfProducts>
          <speciesReference id="sid_acnacngal14acglcgalgluside_hs"/>
          <speciesReference id="sid_C00055"/>
          <speciesReference id="sid_C00080"/>
        </listOfProducts>
        <listOfModifiers>
          <modifierSpeciesReference id="sid_2_4_99_8"/>
        </listOfModifiers>
      </reaction>
      <reaction id="B3GNT11g">
        <listOfReactants>
          <speciesReference id="sid_C00043"/>
        </listOfReactants>
        <listOfProducts>
          <speciesReference id="sid_C00080"/>
          <speciesReference id="sid_C00015"/>
        </listOfProducts>
        <listOfModifiers>
          <modifierSpeciesReference/>
        </listOfModifiers>
      </reaction>
      <reaction id="ABO2g">
        <listOfReactants>
          <speciesReference id="sid_C00052"/>
        </listOfReactants>
        <listOfProducts>
          <speciesReference id="sid_C00080"/>
          <speciesReference id="sid_C00015"/>
        </listOfProducts>
        <listOfModifiers>
          <modifierSpeciesReference/>
        </listOfModifiers>
      </reaction>
      <reaction id="ST3GAL61g">
        <listOfReactants>
          <speciesReference id="sid_C00128"/>
        </listOfReactants>
        <listOfProducts>
          <speciesReference id="sid_C00055"/>
          <speciesReference id="sid_C00080"/>
        </listOfProducts>
        <listOfModifiers>
          <modifierSpeciesReference/>
        </listOfModifiers>
      </reaction>
      <reaction id="ABO1g">
        <listOfReactants>
          <speciesReference id="sid_C00203"/>
        </listOfReactants>
        <listOfProducts>
          <speciesReference id="sid_C00080"/>
          <speciesReference id="sid_C00015"/>
        </listOfProducts>
        <listOfModifiers>
          <modifierSpeciesReference/>
        </listOfModifiers>
      </reaction>
    </listOfReactions>
  </model>
</sbml>
