<?xml version="1.0" encoding="UTF-8"?>
<sbml xmlns="http://www.sbml.org/sbml/level2/version4" level="2" version="4">
  <model name="Glycosylphosphatidylinositol(GPI)-anchor biosynthesis">
    <annotation>a pathway from MetaFishNet project</annotation>
    <listOfSpeciesTypes>
      <speciesType id="enzyme"/>
      <speciesType id="compound"/>
    </listOfSpeciesTypes>
    <listOfSpecies>
      <species id="sid_2_4_1__" name="2.4.1.-" speciesType="enzyme"/>
      <species id="sid_C00165" name="C00165" speciesType="compound"/>
      <species id="sid_C00110" name="C00110" speciesType="compound"/>
      <species id="sid_C03862" name="C03862" speciesType="compound"/>
      <species id="sid_C00350" name="C00350" speciesType="compound"/>
    </listOfSpecies>
    <listOfReactions>
      <reaction id="R05921">
        <listOfReactants>
          <speciesReference id="sid_C03862"/>
        </listOfReactants>
        <listOfProducts>
          <speciesReference id="sid_C00110"/>
        </listOfProducts>
        <listOfModifiers>
          <modifierSpeciesReference id="sid_2_4_1__"/>
        </listOfModifiers>
      </reaction>
      <reaction id="R05920">
        <listOfReactants>
          <speciesReference id="sid_C00350"/>
        </listOfReactants>
        <listOfProducts>
          <speciesReference id="sid_C00165"/>
        </listOfProducts>
        <listOfModifiers>
          <modifierSpeciesReference/>
        </listOfModifiers>
      </reaction>
      <reaction id="R05923">
        <listOfReactants>
          <speciesReference id="sid_C00350"/>
        </listOfReactants>
        <listOfProducts>
          <speciesReference id="sid_C00165"/>
        </listOfProducts>
        <listOfModifiers>
          <modifierSpeciesReference/>
        </listOfModifiers>
      </reaction>
      <reaction id="R05919">
        <listOfReactants>
          <speciesReference id="sid_C03862"/>
        </listOfReactants>
        <listOfProducts>
          <speciesReference id="sid_C00110"/>
        </listOfProducts>
        <listOfModifiers>
          <modifierSpeciesReference/>
        </listOfModifiers>
      </reaction>
      <reaction id="R05922">
        <listOfReactants>
          <speciesReference id="sid_C03862"/>
        </listOfReactants>
        <listOfProducts>
          <speciesReference id="sid_C00110"/>
        </listOfProducts>
        <listOfModifiers>
          <modifierSpeciesReference/>
        </listOfModifiers>
      </reaction>
      <reaction id="R07129">
        <listOfReactants>
          <speciesReference id="sid_C03862"/>
        </listOfReactants>
        <listOfProducts>
          <speciesReference id="sid_C00110"/>
        </listOfProducts>
        <listOfModifiers>
          <modifierSpeciesReference/>
        </listOfModifiers>
      </reaction>
    </listOfReactions>
  </model>
</sbml>
