<?xml version="1.0" encoding="UTF-8"?>
<sbml xmlns="http://www.sbml.org/sbml/level2/version4" level="2" version="4">
  <model name="C5-Branched dibasic acid metabolism">
    <annotation>a pathway from MetaFishNet project</annotation>
    <listOfSpeciesTypes>
      <speciesType id="enzyme"/>
      <speciesType id="compound"/>
    </listOfSpeciesTypes>
    <listOfSpecies>
      <species id="sid_6_2_1_4" name="6.2.1.4" speciesType="enzyme"/>
      <species id="sid_6_2_1_5" name="6.2.1.5" speciesType="enzyme"/>
      <species id="sid_C00010" name="C00010" speciesType="compound"/>
      <species id="sid_C00035" name="C00035" speciesType="compound"/>
      <species id="sid_C00009" name="C00009" speciesType="compound"/>
      <species id="sid_C00008" name="C00008" speciesType="compound"/>
      <species id="sid_C00531" name="C00531" speciesType="compound"/>
      <species id="sid_C06028" name="C06028" speciesType="compound"/>
      <species id="sid_C00002" name="C00002" speciesType="compound"/>
      <species id="sid_C00001" name="C00001" speciesType="compound"/>
      <species id="sid_C00490" name="C00490" speciesType="compound"/>
      <species id="sid_C01011" name="C01011" speciesType="compound"/>
      <species id="sid_C00044" name="C00044" speciesType="compound"/>
      <species id="sid_C01732" name="C01732" speciesType="compound"/>
    </listOfSpecies>
    <listOfReactions>
      <reaction id="ITCOAL1m">
        <listOfReactants>
          <speciesReference id="sid_C00010"/>
          <speciesReference id="sid_C00044"/>
          <speciesReference id="sid_C00490"/>
        </listOfReactants>
        <listOfProducts>
          <speciesReference id="sid_C00035"/>
          <speciesReference id="sid_C00531"/>
          <speciesReference id="sid_C00009"/>
        </listOfProducts>
        <listOfModifiers>
          <modifierSpeciesReference id="sid_6_2_1_4"/>
        </listOfModifiers>
      </reaction>
      <reaction id="MECOAS1m">
        <listOfReactants>
          <speciesReference id="sid_C00010"/>
          <speciesReference id="sid_C00044"/>
          <speciesReference id="sid_C01732"/>
        </listOfReactants>
        <listOfProducts>
          <speciesReference id="sid_C00035"/>
          <speciesReference id="sid_C06028"/>
          <speciesReference id="sid_C00009"/>
        </listOfProducts>
        <listOfModifiers>
          <modifierSpeciesReference id="sid_6_2_1_4"/>
        </listOfModifiers>
      </reaction>
      <reaction id="ITCOALm">
        <listOfReactants>
          <speciesReference id="sid_C00002"/>
          <speciesReference id="sid_C00010"/>
          <speciesReference id="sid_C00490"/>
        </listOfReactants>
        <listOfProducts>
          <speciesReference id="sid_C00008"/>
          <speciesReference id="sid_C00531"/>
          <speciesReference id="sid_C00009"/>
        </listOfProducts>
        <listOfModifiers>
          <modifierSpeciesReference id="sid_6_2_1_5"/>
        </listOfModifiers>
      </reaction>
      <reaction id="MECOALm">
        <listOfReactants>
          <speciesReference id="sid_C00002"/>
          <speciesReference id="sid_C00010"/>
          <speciesReference id="sid_C01732"/>
        </listOfReactants>
        <listOfProducts>
          <speciesReference id="sid_C00008"/>
          <speciesReference id="sid_C06028"/>
          <speciesReference id="sid_C00009"/>
        </listOfProducts>
        <listOfModifiers>
          <modifierSpeciesReference id="sid_6_2_1_5"/>
        </listOfModifiers>
      </reaction>
      <reaction id="MGACONm">
        <listOfReactants>
          <speciesReference id="sid_C01011"/>
        </listOfReactants>
        <listOfProducts>
          <speciesReference id="sid_C00001"/>
          <speciesReference id="sid_C06028"/>
        </listOfProducts>
        <listOfModifiers>
          <modifierSpeciesReference/>
        </listOfModifiers>
      </reaction>
    </listOfReactions>
  </model>
</sbml>
