<?xml version="1.0" encoding="UTF-8"?>
<sbml xmlns="http://www.sbml.org/sbml/level2/version4" level="2" version="4">
  <model name="Sphingolipid metabolism">
    <annotation>a pathway from MetaFishNet project</annotation>
    <listOfSpeciesTypes>
      <speciesType id="enzyme"/>
      <speciesType id="compound"/>
    </listOfSpeciesTypes>
    <listOfSpecies>
      <species id="sid_1_14____" name="1.14.-.-" speciesType="enzyme"/>
      <species id="sid_2_4_1__" name="2.4.1.-" speciesType="enzyme"/>
      <species id="sid_C00195" name="C00195" speciesType="compound"/>
      <species id="sid_C01290" name="C01290" speciesType="compound"/>
      <species id="sid_C01190" name="C01190" speciesType="compound"/>
      <species id="sid_C12126" name="C12126" speciesType="compound"/>
    </listOfSpecies>
    <listOfReactions>
      <reaction id="R06519">
        <listOfReactants>
          <speciesReference id="sid_C12126"/>
        </listOfReactants>
        <listOfProducts>
          <speciesReference id="sid_C00195"/>
        </listOfProducts>
        <listOfModifiers>
          <modifierSpeciesReference id="sid_1_14____"/>
        </listOfModifiers>
      </reaction>
      <reaction id="R03354">
        <listOfReactants>
          <speciesReference id="sid_C01190"/>
        </listOfReactants>
        <listOfProducts>
          <speciesReference id="sid_C01290"/>
        </listOfProducts>
        <listOfModifiers>
          <modifierSpeciesReference id="sid_2_4_1__"/>
        </listOfModifiers>
      </reaction>
    </listOfReactions>
  </model>
</sbml>
