<?xml version="1.0" encoding="UTF-8"?>
<sbml xmlns="http://www.sbml.org/sbml/level2/version4" level="2" version="4">
  <model name="Beta-Alanine metabolism">
    <annotation>a pathway from MetaFishNet project</annotation>
    <listOfSpeciesTypes>
      <speciesType id="enzyme"/>
      <speciesType id="compound"/>
    </listOfSpeciesTypes>
    <listOfSpecies>
      <species id="sid_4_2_1_17" name="4.2.1.17" speciesType="enzyme"/>
      <species id="sid_3_1_2_4" name="3.1.2.4" speciesType="enzyme"/>
      <species id="sid_2_6_1_19" name="2.6.1.19" speciesType="enzyme"/>
      <species id="sid_1_2_1_3" name="1.2.1.3" speciesType="enzyme"/>
      <species id="sid_1_3_99_3" name="1.3.99.3" speciesType="enzyme"/>
      <species id="sid_4_1_1_11_4_1_1_15" name="4.1.1.11;4.1.1.15" speciesType="enzyme"/>
      <species id="sid_C00025" name="C00025" speciesType="compound"/>
      <species id="sid_C00010" name="C00010" speciesType="compound"/>
      <species id="sid_C00026" name="C00026" speciesType="compound"/>
      <species id="sid_C05665" name="C05665" speciesType="compound"/>
      <species id="sid_C00100" name="C00100" speciesType="compound"/>
      <species id="sid_C00080" name="C00080" speciesType="compound"/>
      <species id="sid_C05668" name="C05668" speciesType="compound"/>
      <species id="sid_C00004" name="C00004" speciesType="compound"/>
      <species id="sid_C00003" name="C00003" speciesType="compound"/>
      <species id="sid_C00001" name="C00001" speciesType="compound"/>
      <species id="sid_C00099" name="C00099" speciesType="compound"/>
      <species id="sid_C00894" name="C00894" speciesType="compound"/>
      <species id="sid_C01013" name="C01013" speciesType="compound"/>
      <species id="sid_C00049" name="C00049" speciesType="compound"/>
      <species id="sid_C00222" name="C00222" speciesType="compound"/>
    </listOfSpecies>
    <listOfReactions>
      <reaction id="BAMPPALDOX">
        <listOfReactants>
          <speciesReference id="sid_C05665"/>
          <speciesReference id="sid_C00001"/>
          <speciesReference id="sid_C00003"/>
        </listOfReactants>
        <listOfProducts>
          <speciesReference id="sid_C00099"/>
          <speciesReference id="sid_C00080"/>
          <speciesReference id="sid_C00004"/>
        </listOfProducts>
        <listOfModifiers>
          <modifierSpeciesReference id="sid_1_2_1_3"/>
        </listOfModifiers>
      </reaction>
      <reaction id="R00924">
        <listOfReactants>
          <speciesReference id="sid_C00894"/>
        </listOfReactants>
        <listOfProducts>
          <speciesReference id="sid_C00100"/>
        </listOfProducts>
        <listOfModifiers>
          <modifierSpeciesReference id="sid_1_3_99_3"/>
        </listOfModifiers>
      </reaction>
      <reaction id="APAT2rm">
        <listOfReactants>
          <speciesReference id="sid_C00026"/>
          <speciesReference id="sid_C00099"/>
        </listOfReactants>
        <listOfProducts>
          <speciesReference id="sid_C00025"/>
          <speciesReference id="sid_C00222"/>
        </listOfProducts>
        <listOfModifiers>
          <modifierSpeciesReference id="sid_2_6_1_19"/>
        </listOfModifiers>
      </reaction>
      <reaction>
        <listOfReactants>
          <speciesReference id="sid_C05668"/>
          <speciesReference id="sid_C00001"/>
        </listOfReactants>
        <listOfProducts>
          <speciesReference id="sid_C01013"/>
          <speciesReference id="sid_C00010"/>
          <speciesReference id="sid_C00080"/>
        </listOfProducts>
        <listOfModifiers>
          <modifierSpeciesReference id="sid_3_1_2_4"/>
        </listOfModifiers>
      </reaction>
      <reaction id="R00489">
        <listOfReactants>
          <speciesReference id="sid_C00049"/>
        </listOfReactants>
        <listOfProducts>
          <speciesReference id="sid_C00099"/>
        </listOfProducts>
        <listOfModifiers>
          <modifierSpeciesReference id="sid_4_1_1_11_4_1_1_15"/>
        </listOfModifiers>
      </reaction>
      <reaction id="PRPNCOAHYDx">
        <listOfReactants>
          <speciesReference id="sid_C00001"/>
          <speciesReference id="sid_C00894"/>
        </listOfReactants>
        <listOfProducts>
          <speciesReference id="sid_C05668"/>
        </listOfProducts>
        <listOfModifiers>
          <modifierSpeciesReference id="sid_4_2_1_17"/>
        </listOfModifiers>
      </reaction>
    </listOfReactions>
  </model>
</sbml>
