<?xml version="1.0" encoding="UTF-8"?>
<sbml xmlns="http://www.sbml.org/sbml/level2/version4" level="2" version="4">
  <model name="Pentose and Glucuronate Interconversions">
    <annotation>a pathway from MetaFishNet project</annotation>
    <listOfSpeciesTypes>
      <speciesType id="enzyme"/>
      <speciesType id="compound"/>
    </listOfSpeciesTypes>
    <listOfSpecies>
      <species id="sid_2_7_1_17" name="2.7.1.17" speciesType="enzyme"/>
      <species id="sid_1_1_1_10" name="1.1.1.10" speciesType="enzyme"/>
      <species id="sid_C00105" name="C00105" speciesType="compound"/>
      <species id="sid_C00015" name="C00015" speciesType="compound"/>
      <species id="sid_C00009" name="C00009" speciesType="compound"/>
      <species id="sid_C00080" name="C00080" speciesType="compound"/>
      <species id="sid_C00006" name="C00006" speciesType="compound"/>
      <species id="sid_C00005" name="C00005" speciesType="compound"/>
      <species id="sid_C00008" name="C00008" speciesType="compound"/>
      <species id="sid_C00379" name="C00379" speciesType="compound"/>
      <species id="sid_C00002" name="C00002" speciesType="compound"/>
      <species id="sid_C00001" name="C00001" speciesType="compound"/>
      <species id="sid_C00312" name="C00312" speciesType="compound"/>
      <species id="sid_C00167" name="C00167" speciesType="compound"/>
      <species id="sid_C00310" name="C00310" speciesType="compound"/>
      <species id="sid_C00231" name="C00231" speciesType="compound"/>
      <species id="sid_C05385" name="C05385" speciesType="compound"/>
      <species id="sid_C00191" name="C00191" speciesType="compound"/>
    </listOfSpecies>
    <listOfReactions>
      <reaction id="XYLUR">
        <listOfReactants>
          <speciesReference id="sid_C00080"/>
          <speciesReference id="sid_C00005"/>
          <speciesReference id="sid_C00312"/>
        </listOfReactants>
        <listOfProducts>
          <speciesReference id="sid_C00006"/>
          <speciesReference id="sid_C00379"/>
        </listOfProducts>
        <listOfModifiers>
          <modifierSpeciesReference id="sid_1_1_1_10"/>
        </listOfModifiers>
      </reaction>
      <reaction id="XYLK">
        <listOfReactants>
          <speciesReference id="sid_C00002"/>
          <speciesReference id="sid_C00310"/>
        </listOfReactants>
        <listOfProducts>
          <speciesReference id="sid_C00008"/>
          <speciesReference id="sid_C00080"/>
          <speciesReference id="sid_C00231"/>
        </listOfProducts>
        <listOfModifiers>
          <modifierSpeciesReference id="sid_2_7_1_17"/>
        </listOfModifiers>
      </reaction>
      <reaction id="UDPGNP">
        <listOfReactants>
          <speciesReference id="sid_C00001"/>
          <speciesReference id="sid_C00167"/>
        </listOfReactants>
        <listOfProducts>
          <speciesReference id="sid_C00191"/>
          <speciesReference id="sid_C00080"/>
          <speciesReference id="sid_C00015"/>
        </listOfProducts>
        <listOfModifiers>
          <modifierSpeciesReference/>
        </listOfModifiers>
      </reaction>
      <reaction id="UDPG1P">
        <listOfReactants>
          <speciesReference id="sid_C00001"/>
          <speciesReference id="sid_C00167"/>
        </listOfReactants>
        <listOfProducts>
          <speciesReference id="sid_C05385"/>
          <speciesReference id="sid_C00080"/>
          <speciesReference id="sid_C00105"/>
        </listOfProducts>
        <listOfModifiers>
          <modifierSpeciesReference/>
        </listOfModifiers>
      </reaction>
      <reaction id="GUR1PP">
        <listOfReactants>
          <speciesReference id="sid_C05385"/>
          <speciesReference id="sid_C00001"/>
        </listOfReactants>
        <listOfProducts>
          <speciesReference id="sid_C00191"/>
          <speciesReference id="sid_C00009"/>
        </listOfProducts>
        <listOfModifiers>
          <modifierSpeciesReference/>
        </listOfModifiers>
      </reaction>
    </listOfReactions>
  </model>
</sbml>
