<?xml version="1.0" encoding="UTF-8"?>
<sbml xmlns="http://www.sbml.org/sbml/level2/version4" level="2" version="4">
  <model name="Atrazine degradation">
    <annotation>a pathway from MetaFishNet project</annotation>
    <listOfSpeciesTypes>
      <speciesType id="enzyme"/>
      <speciesType id="compound"/>
    </listOfSpeciesTypes>
    <listOfSpecies>
      <species id="sid_3_5_4__" name="3.5.4.-" speciesType="enzyme"/>
      <species id="sid_C14147" name="C14147" speciesType="compound"/>
      <species id="sid_C06554" name="C06554" speciesType="compound"/>
      <species id="sid_C14149" name="C14149" speciesType="compound"/>
      <species id="sid_C14148" name="C14148" speciesType="compound"/>
    </listOfSpecies>
    <listOfReactions>
      <reaction id="R06970">
        <listOfReactants>
          <speciesReference id="sid_C14147"/>
        </listOfReactants>
        <listOfProducts>
          <speciesReference id="sid_C14148"/>
        </listOfProducts>
        <listOfModifiers>
          <modifierSpeciesReference id="sid_3_5_4__"/>
        </listOfModifiers>
      </reaction>
      <reaction id="R06971">
        <listOfReactants>
          <speciesReference id="sid_C14148"/>
        </listOfReactants>
        <listOfProducts>
          <speciesReference id="sid_C14149"/>
        </listOfProducts>
        <listOfModifiers>
          <modifierSpeciesReference id="sid_3_5_4__"/>
        </listOfModifiers>
      </reaction>
      <reaction id="R06972">
        <listOfReactants>
          <speciesReference id="sid_C14149"/>
        </listOfReactants>
        <listOfProducts>
          <speciesReference id="sid_C06554"/>
        </listOfProducts>
        <listOfModifiers>
          <modifierSpeciesReference id="sid_3_5_4__"/>
        </listOfModifiers>
      </reaction>
    </listOfReactions>
  </model>
</sbml>
