<?xml version="1.0" encoding="UTF-8"?>
<sbml xmlns="http://www.sbml.org/sbml/level2/version4" level="2" version="4">
  <model name="3-Chloroacrylic acid degradation">
    <annotation>a pathway from MetaFishNet project</annotation>
    <listOfSpeciesTypes>
      <speciesType id="enzyme"/>
      <speciesType id="compound"/>
    </listOfSpeciesTypes>
    <listOfSpecies>
      <species id="sid_1_2_1_3" name="1.2.1.3" speciesType="enzyme"/>
      <species id="sid_1_1_1_1" name="1.1.1.1" speciesType="enzyme"/>
      <species id="sid_C06611" name="C06611" speciesType="compound"/>
      <species id="sid_C06612" name="C06612" speciesType="compound"/>
      <species id="sid_C06613" name="C06613" speciesType="compound"/>
      <species id="sid_C06614" name="C06614" speciesType="compound"/>
      <species id="sid_C06615" name="C06615" speciesType="compound"/>
      <species id="sid_C16348" name="C16348" speciesType="compound"/>
    </listOfSpecies>
    <listOfReactions>
      <reaction id="R05233">
        <listOfReactants>
          <speciesReference id="sid_C06611"/>
        </listOfReactants>
        <listOfProducts>
          <speciesReference id="sid_C06613"/>
        </listOfProducts>
        <listOfModifiers>
          <modifierSpeciesReference id="sid_1_1_1_1"/>
        </listOfModifiers>
      </reaction>
      <reaction id="R05234">
        <listOfReactants>
          <speciesReference id="sid_C06612"/>
        </listOfReactants>
        <listOfProducts>
          <speciesReference id="sid_C16348"/>
        </listOfProducts>
        <listOfModifiers>
          <modifierSpeciesReference id="sid_1_1_1_1"/>
        </listOfModifiers>
      </reaction>
      <reaction id="R05237">
        <listOfReactants>
          <speciesReference id="sid_C06613"/>
        </listOfReactants>
        <listOfProducts>
          <speciesReference id="sid_C06614"/>
        </listOfProducts>
        <listOfModifiers>
          <modifierSpeciesReference id="sid_1_2_1_3"/>
        </listOfModifiers>
      </reaction>
      <reaction id="R05238">
        <listOfReactants>
          <speciesReference id="sid_C16348"/>
        </listOfReactants>
        <listOfProducts>
          <speciesReference id="sid_C06615"/>
        </listOfProducts>
        <listOfModifiers>
          <modifierSpeciesReference id="sid_1_2_1_3"/>
        </listOfModifiers>
      </reaction>
    </listOfReactions>
  </model>
</sbml>
