<?xml version="1.0" encoding="UTF-8"?>
<sbml xmlns="http://www.sbml.org/sbml/level2/version4" level="2" version="4">
  <model name="Phytanic acid peroxisomal oxidation">
    <annotation>a pathway from MetaFishNet project</annotation>
    <listOfSpeciesTypes>
      <speciesType id="enzyme"/>
      <speciesType id="compound"/>
    </listOfSpeciesTypes>
    <listOfSpecies>
      <species id="sid_6_2_1___6_2_1_3" name="6.2.1.-;6.2.1.3" speciesType="enzyme"/>
      <species id="sid_1_3_3_6" name="1.3.3.6" speciesType="enzyme"/>
      <species id="sid_5_1_99_4" name="5.1.99.4" speciesType="enzyme"/>
      <species id="sid_1_1_1_35" name="1.1.1.35" speciesType="enzyme"/>
      <species id="sid_4_2_1_17" name="4.2.1.17" speciesType="enzyme"/>
      <species id="sid_C00027" name="C00027" speciesType="compound"/>
      <species id="sid_C00020" name="C00020" speciesType="compound"/>
      <species id="sid_C00007" name="C00007" speciesType="compound"/>
      <species id="sid_C00004" name="C00004" speciesType="compound"/>
      <species id="sid_C00003" name="C00003" speciesType="compound"/>
      <species id="sid_C00002" name="C00002" speciesType="compound"/>
      <species id="sid_C00001" name="C00001" speciesType="compound"/>
      <species id="sid_C07297" name="C07297" speciesType="compound"/>
      <species id="sid_C07296" name="C07296" speciesType="compound"/>
      <species id="sid_CE5126" name="CE5126" speciesType="compound"/>
      <species id="sid_CE5125" name="CE5125" speciesType="compound"/>
      <species id="sid_CE2416" name="CE2416" speciesType="compound"/>
      <species id="sid_C00010" name="C00010" speciesType="compound"/>
      <species id="sid_C00013" name="C00013" speciesType="compound"/>
      <species id="sid_CE5940" name="CE5940" speciesType="compound"/>
      <species id="sid_CE5941" name="CE5941" speciesType="compound"/>
      <species id="sid_CE5942" name="CE5942" speciesType="compound"/>
      <species id="sid_CE5943" name="CE5943" speciesType="compound"/>
      <species id="sid_CE2038" name="CE2038" speciesType="compound"/>
      <species id="sid_C00080" name="C00080" speciesType="compound"/>
      <species id="sid_CE5935" name="CE5935" speciesType="compound"/>
      <species id="sid_CE5934" name="CE5934" speciesType="compound"/>
      <species id="sid_CE5936" name="CE5936" speciesType="compound"/>
      <species id="sid_CE5939" name="CE5939" speciesType="compound"/>
      <species id="sid_CE5938" name="CE5938" speciesType="compound"/>
    </listOfSpecies>
    <listOfReactions>
      <reaction id="RE3082">
        <listOfReactants>
          <speciesReference id="sid_C00003"/>
          <speciesReference id="sid_CE5934"/>
        </listOfReactants>
        <listOfProducts>
          <speciesReference id="sid_C00004"/>
          <speciesReference id="sid_C00080"/>
          <speciesReference id="sid_C07297"/>
        </listOfProducts>
        <listOfModifiers>
          <modifierSpeciesReference id="sid_1_1_1_35"/>
        </listOfModifiers>
      </reaction>
      <reaction id="RE3088">
        <listOfReactants>
          <speciesReference id="sid_C00003"/>
          <speciesReference id="sid_CE5940"/>
        </listOfReactants>
        <listOfProducts>
          <speciesReference id="sid_C00004"/>
          <speciesReference id="sid_C00080"/>
          <speciesReference id="sid_CE5939"/>
        </listOfProducts>
        <listOfModifiers>
          <modifierSpeciesReference id="sid_1_1_1_35"/>
        </listOfModifiers>
      </reaction>
      <reaction id="RE3093">
        <listOfReactants>
          <speciesReference id="sid_C00003"/>
          <speciesReference id="sid_CE5943"/>
        </listOfReactants>
        <listOfProducts>
          <speciesReference id="sid_C00004"/>
          <speciesReference id="sid_C00080"/>
          <speciesReference id="sid_CE5942"/>
        </listOfProducts>
        <listOfModifiers>
          <modifierSpeciesReference id="sid_1_1_1_35"/>
        </listOfModifiers>
      </reaction>
      <reaction id="RE3084">
        <listOfReactants>
          <speciesReference id="sid_C00007"/>
          <speciesReference id="sid_C07296"/>
        </listOfReactants>
        <listOfProducts>
          <speciesReference id="sid_C00027"/>
          <speciesReference id="sid_CE5938"/>
        </listOfProducts>
        <listOfModifiers>
          <modifierSpeciesReference id="sid_1_3_3_6"/>
        </listOfModifiers>
      </reaction>
      <reaction id="RE3086">
        <listOfReactants>
          <speciesReference id="sid_C00007"/>
          <speciesReference id="sid_CE5125"/>
        </listOfReactants>
        <listOfProducts>
          <speciesReference id="sid_C00027"/>
          <speciesReference id="sid_CE2038"/>
        </listOfProducts>
        <listOfModifiers>
          <modifierSpeciesReference id="sid_1_3_3_6"/>
        </listOfModifiers>
      </reaction>
      <reaction id="RE3089">
        <listOfReactants>
          <speciesReference id="sid_C00007"/>
          <speciesReference id="sid_CE5935"/>
        </listOfReactants>
        <listOfProducts>
          <speciesReference id="sid_C00027"/>
          <speciesReference id="sid_CE5941"/>
        </listOfProducts>
        <listOfModifiers>
          <modifierSpeciesReference id="sid_1_3_3_6"/>
        </listOfModifiers>
      </reaction>
      <reaction id="RE3081">
        <listOfReactants>
          <speciesReference id="sid_C00001"/>
          <speciesReference id="sid_CE2038"/>
        </listOfReactants>
        <listOfProducts>
          <speciesReference id="sid_CE5934"/>
        </listOfProducts>
        <listOfModifiers>
          <modifierSpeciesReference id="sid_4_2_1_17"/>
        </listOfModifiers>
      </reaction>
      <reaction id="RE3087">
        <listOfReactants>
          <speciesReference id="sid_C00001"/>
          <speciesReference id="sid_CE5938"/>
        </listOfReactants>
        <listOfProducts>
          <speciesReference id="sid_CE5940"/>
        </listOfProducts>
        <listOfModifiers>
          <modifierSpeciesReference id="sid_4_2_1_17"/>
        </listOfModifiers>
      </reaction>
      <reaction id="RE3092">
        <listOfReactants>
          <speciesReference id="sid_C00001"/>
          <speciesReference id="sid_CE5941"/>
        </listOfReactants>
        <listOfProducts>
          <speciesReference id="sid_CE5943"/>
        </listOfProducts>
        <listOfModifiers>
          <modifierSpeciesReference id="sid_4_2_1_17"/>
        </listOfModifiers>
      </reaction>
      <reaction id="RE2759">
        <listOfReactants>
          <speciesReference id="sid_CE5125"/>
        </listOfReactants>
        <listOfProducts>
          <speciesReference id="sid_CE5126"/>
        </listOfProducts>
        <listOfModifiers>
          <modifierSpeciesReference id="sid_5_1_99_4"/>
        </listOfModifiers>
      </reaction>
      <reaction id="RE3083">
        <listOfReactants>
          <speciesReference id="sid_CE5935"/>
        </listOfReactants>
        <listOfProducts>
          <speciesReference id="sid_CE5936"/>
        </listOfProducts>
        <listOfModifiers>
          <modifierSpeciesReference id="sid_5_1_99_4"/>
        </listOfModifiers>
      </reaction>
      <reaction id="RE3074">
        <listOfReactants>
          <speciesReference id="sid_C00002"/>
          <speciesReference id="sid_C00010"/>
          <speciesReference id="sid_CE2416"/>
        </listOfReactants>
        <listOfProducts>
          <speciesReference id="sid_C00020"/>
          <speciesReference id="sid_C00013"/>
          <speciesReference id="sid_CE5125"/>
        </listOfProducts>
        <listOfModifiers>
          <modifierSpeciesReference id="sid_6_2_1___6_2_1_3"/>
        </listOfModifiers>
      </reaction>
    </listOfReactions>
  </model>
</sbml>
