<?xml version="1.0" encoding="UTF-8"?>
<sbml xmlns="http://www.sbml.org/sbml/level2/version4" level="2" version="4">
  <model name="Nitrogen metabolism">
    <annotation>a pathway from MetaFishNet project</annotation>
    <listOfSpeciesTypes>
      <speciesType id="enzyme"/>
      <speciesType id="compound"/>
    </listOfSpeciesTypes>
    <listOfSpecies>
      <species id="sid_4_2_1_1" name="4.2.1.1" speciesType="enzyme"/>
      <species id="sid_6_3_5_4" name="6.3.5.4" speciesType="enzyme"/>
      <species id="sid_3_5_1_38_3_5_1_1" name="3.5.1.38;3.5.1.1" speciesType="enzyme"/>
      <species id="sid_C00025" name="C00025" speciesType="compound"/>
      <species id="sid_C00011" name="C00011" speciesType="compound"/>
      <species id="sid_C00014" name="C00014" speciesType="compound"/>
      <species id="sid_C00152" name="C00152" speciesType="compound"/>
      <species id="sid_C00064" name="C00064" speciesType="compound"/>
      <species id="sid_C01353" name="C01353" speciesType="compound"/>
      <species id="sid_C00049" name="C00049" speciesType="compound"/>
    </listOfSpecies>
    <listOfReactions>
      <reaction id="R00485">
        <listOfReactants>
          <speciesReference id="sid_C00152"/>
        </listOfReactants>
        <listOfProducts>
          <speciesReference id="sid_C00014"/>
          <speciesReference id="sid_C00049"/>
        </listOfProducts>
        <listOfModifiers>
          <modifierSpeciesReference id="sid_3_5_1_38_3_5_1_1"/>
        </listOfModifiers>
      </reaction>
      <reaction id="R00132">
        <listOfReactants>
          <speciesReference id="sid_C00011"/>
        </listOfReactants>
        <listOfProducts>
          <speciesReference id="sid_C01353"/>
        </listOfProducts>
        <listOfModifiers>
          <modifierSpeciesReference id="sid_4_2_1_1"/>
        </listOfModifiers>
      </reaction>
      <reaction id="R00578">
        <listOfReactants>
          <speciesReference id="sid_C00064"/>
        </listOfReactants>
        <listOfProducts>
          <speciesReference id="sid_C00025"/>
        </listOfProducts>
        <listOfModifiers>
          <modifierSpeciesReference id="sid_6_3_5_4"/>
        </listOfModifiers>
      </reaction>
    </listOfReactions>
  </model>
</sbml>
