<?xml version="1.0" encoding="UTF-8"?>
<sbml xmlns="http://www.sbml.org/sbml/level2/version4" level="2" version="4">
  <model name="Heparan sulfate biosynthesis">
    <annotation>a pathway from MetaFishNet project</annotation>
    <listOfSpeciesTypes>
      <speciesType id="enzyme"/>
      <speciesType id="compound"/>
    </listOfSpeciesTypes>
    <listOfSpecies>
      <species id="sid_2_4_1_223" name="2.4.1.223" speciesType="enzyme"/>
      <species id="sid_G00157" name="G00157" speciesType="compound"/>
      <species id="sid_G00162" name="G00162" speciesType="compound"/>
    </listOfSpecies>
    <listOfReactions>
      <reaction id="R05930">
        <listOfReactants>
          <speciesReference id="sid_G00157"/>
        </listOfReactants>
        <listOfProducts>
          <speciesReference id="sid_G00162"/>
        </listOfProducts>
        <listOfModifiers>
          <modifierSpeciesReference id="sid_2_4_1_223"/>
        </listOfModifiers>
      </reaction>
    </listOfReactions>
  </model>
</sbml>
