<?xml version="1.0" encoding="UTF-8"?>
<sbml xmlns="http://www.sbml.org/sbml/level2/version4" level="2" version="4">
  <model name="Vitamin K metabolism">
    <annotation>a pathway from MetaFishNet project</annotation>
    <listOfSpeciesTypes>
      <speciesType id="enzyme"/>
      <speciesType id="compound"/>
    </listOfSpeciesTypes>
    <listOfSpecies>
      <species id="sid_1_1_4_1" name="1.1.4.1" speciesType="enzyme"/>
      <species id="sid_C01628" name="C01628" speciesType="compound"/>
      <species id="sid_C05849" name="C05849" speciesType="compound"/>
    </listOfSpecies>
    <listOfReactions>
      <reaction id="R03645">
        <listOfReactants>
          <speciesReference id="sid_C01628"/>
        </listOfReactants>
        <listOfProducts>
          <speciesReference id="sid_C05849"/>
        </listOfProducts>
        <listOfModifiers>
          <modifierSpeciesReference id="sid_1_1_4_1"/>
        </listOfModifiers>
      </reaction>
    </listOfReactions>
  </model>
</sbml>
