<?xml version="1.0" encoding="UTF-8"?>
<sbml xmlns="http://www.sbml.org/sbml/level2/version4" level="2" version="4">
  <model name="ROS Detoxification">
    <annotation>a pathway from MetaFishNet project</annotation>
    <listOfSpeciesTypes>
      <speciesType id="enzyme"/>
      <speciesType id="compound"/>
    </listOfSpeciesTypes>
    <listOfSpecies>
      <species id="sid_1_11_1_6" name="1.11.1.6" speciesType="enzyme"/>
      <species id="sid_1_15_1_1" name="1.15.1.1" speciesType="enzyme"/>
      <species id="sid_C00007" name="C00007" speciesType="compound"/>
      <species id="sid_C00027" name="C00027" speciesType="compound"/>
      <species id="sid_C00704" name="C00704" speciesType="compound"/>
      <species id="sid_C00001" name="C00001" speciesType="compound"/>
      <species id="sid_C00080" name="C00080" speciesType="compound"/>
    </listOfSpecies>
    <listOfReactions>
      <reaction id="CATm">
        <listOfReactants>
          <speciesReference id="sid_C00027"/>
        </listOfReactants>
        <listOfProducts>
          <speciesReference id="sid_C00001"/>
          <speciesReference id="sid_C00007"/>
        </listOfProducts>
        <listOfModifiers>
          <modifierSpeciesReference id="sid_1_11_1_6"/>
        </listOfModifiers>
      </reaction>
      <reaction id="SPODMe">
        <listOfReactants>
          <speciesReference id="sid_C00080"/>
          <speciesReference id="sid_C00704"/>
        </listOfReactants>
        <listOfProducts>
          <speciesReference id="sid_C00027"/>
          <speciesReference id="sid_C00007"/>
        </listOfProducts>
        <listOfModifiers>
          <modifierSpeciesReference id="sid_1_15_1_1"/>
        </listOfModifiers>
      </reaction>
    </listOfReactions>
  </model>
</sbml>
