<?xml version="1.0" encoding="UTF-8"?>
<sbml xmlns="http://www.sbml.org/sbml/level2/version4" level="2" version="4">
  <model name="Glycerolipid metabolism">
    <annotation>a pathway from MetaFishNet project</annotation>
    <listOfSpeciesTypes>
      <speciesType id="enzyme"/>
      <speciesType id="compound"/>
    </listOfSpeciesTypes>
    <listOfSpecies>
      <species id="sid_2_4_1__" name="2.4.1.-" speciesType="enzyme"/>
      <species id="sid_2_7_1_94" name="2.7.1.94" speciesType="enzyme"/>
      <species id="sid_C00681" name="C00681" speciesType="compound"/>
      <species id="sid_C04046" name="C04046" speciesType="compound"/>
      <species id="sid_C06040" name="C06040" speciesType="compound"/>
      <species id="sid_C01885" name="C01885" speciesType="compound"/>
    </listOfSpecies>
    <listOfReactions>
      <reaction id="R04377">
        <listOfReactants>
          <speciesReference id="sid_C04046"/>
        </listOfReactants>
        <listOfProducts>
          <speciesReference id="sid_C06040"/>
        </listOfProducts>
        <listOfModifiers>
          <modifierSpeciesReference id="sid_2_4_1__"/>
        </listOfModifiers>
      </reaction>
      <reaction id="R02757">
        <listOfReactants>
          <speciesReference id="sid_C01885"/>
        </listOfReactants>
        <listOfProducts>
          <speciesReference id="sid_C00681"/>
        </listOfProducts>
        <listOfModifiers>
          <modifierSpeciesReference id="sid_2_7_1_94"/>
        </listOfModifiers>
      </reaction>
    </listOfReactions>
  </model>
</sbml>
